date,product_id,units_sold,revenue
27:15.0,P001,4,73.9
27:15.0,P002,29,2522.75
27:15.0,P003,4,210.7
27:15.0,P004,25,1967.57
27:15.0,P005,20,1052.25
27:15.0,P006,32,1658.26
27:15.0,P007,36,1651.16
27:15.0,P008,9,858.81
27:15.0,P009,35,492.71
27:15.0,P010,30,341.32
27:15.0,P011,18,995.08
27:15.0,P012,0,0
27:15.0,P013,44,1085.22
27:15.0,P014,23,2183.86
27:15.0,P015,1,12.39
27:15.0,P016,31,2933.24
27:15.0,P017,23,1631.74
27:15.0,P018,34,2308.46
27:15.0,P019,32,2656.27
27:15.0,P020,42,3978.74
27:15.0,P021,2,167.68
27:15.0,P022,39,3567.78
27:15.0,P023,43,1490.23
27:15.0,P024,11,209.77
27:15.0,P025,1,13.51
27:15.0,P026,49,3502.06
27:15.0,P027,16,1104.24
27:15.0,P028,28,2409.09
27:15.0,P029,25,1016.41
27:15.0,P030,40,2185.73
27:15.0,P001,49,3263.64
27:15.0,P002,28,378.75
27:15.0,P003,24,1975.52
27:15.0,P004,35,908.93
27:15.0,P005,8,489.33
27:15.0,P006,34,3370.95
27:15.0,P007,47,1010.13
27:15.0,P008,48,3834.1
27:15.0,P009,23,2024.93
27:15.0,P010,31,2704.97
27:15.0,P011,48,3416.93
27:15.0,P012,22,1713.99
27:15.0,P013,40,1759.82
27:15.0,P014,48,2662.69
27:15.0,P015,47,2118.08
27:15.0,P016,12,1087.17
27:15.0,P017,48,711.06
27:15.0,P018,40,3449.72
27:15.0,P019,8,309.91
27:15.0,P020,13,921.82
27:15.0,P021,18,978.7
27:15.0,P022,15,755.4
27:15.0,P023,34,2183.47
27:15.0,P024,20,1554.27
27:15.0,P025,22,1766.97
27:15.0,P026,38,691.92
27:15.0,P027,41,4004.98
27:15.0,P028,13,772.95
27:15.0,P029,4,305.33
27:15.0,P030,28,1164.31
27:15.0,P001,17,1652.04
27:15.0,P002,8,628.29
27:15.0,P003,43,3784.78
27:15.0,P004,37,650.08
27:15.0,P005,12,360.38
27:15.0,P006,8,671.74
27:15.0,P007,1,17.32
27:15.0,P008,36,1115.66
27:15.0,P009,7,305.79
27:15.0,P010,0,0
27:15.0,P011,16,1524.04
27:15.0,P012,24,1518.48
27:15.0,P013,35,1535.22
27:15.0,P014,30,1600.5
27:15.0,P015,43,2591.02
27:15.0,P016,26,842.01
27:15.0,P017,18,360.14
27:15.0,P018,2,65.66
27:15.0,P019,49,2556.79
27:15.0,P020,19,393.18
27:15.0,P021,40,3079.16
27:15.0,P022,2,125.01
27:15.0,P023,48,838.09
27:15.0,P024,32,963.96
27:15.0,P025,5,410.95
27:15.0,P026,44,4280.72
27:15.0,P027,46,4149.33
27:15.0,P028,20,1987.34
27:15.0,P029,36,1179.69
27:15.0,P030,18,1750.27
27:15.0,P001,17,424.31
27:15.0,P002,48,3485.63
27:15.0,P003,30,2988.74
27:15.0,P004,2,182.21
27:15.0,P005,10,352.87
27:15.0,P006,31,471.44
27:15.0,P007,37,1887.34
27:15.0,P008,27,1085.65
27:15.0,P009,27,1841.84
27:15.0,P010,7,292.61
27:15.0,P011,49,1662.79
27:15.0,P012,36,3517.04
27:15.0,P013,26,1893.7
27:15.0,P014,16,562.86
27:15.0,P015,19,1220.76
27:15.0,P016,47,1157.87
27:15.0,P017,45,758.61
27:15.0,P018,5,477.41
27:15.0,P019,4,260.83
27:15.0,P020,1,17.45
27:15.0,P021,29,2550.43
27:15.0,P022,44,1092.74
27:15.0,P023,32,2559.49
27:15.0,P024,17,1680.53
27:15.0,P025,48,2107.51
27:15.0,P026,25,1107
27:15.0,P027,21,1777.12
27:15.0,P028,48,4101.58
27:15.0,P029,33,439.36
27:15.0,P030,0,0
27:15.0,P001,5,361.27
27:15.0,P002,4,399.9
27:15.0,P003,37,3410.84
27:15.0,P004,22,1742.6
27:15.0,P005,36,2812.94
27:15.0,P006,18,580.7
27:15.0,P007,13,369.9
27:15.0,P008,0,0
27:15.0,P009,12,343.81
27:15.0,P010,0,0
27:15.0,P011,31,440.84
27:15.0,P012,30,606.61
27:15.0,P013,25,1370.87
27:15.0,P014,2,113.63
27:15.0,P015,11,918.22
27:15.0,P016,43,2600.83
27:15.0,P017,29,2356.64
27:15.0,P018,16,352.98
27:15.0,P019,46,2201.02
27:15.0,P020,36,2369.8
27:15.0,P021,1,82.45
27:15.0,P022,38,846.39
27:15.0,P023,33,1371.25
27:15.0,P024,33,2220.83
27:15.0,P025,14,691.22
27:15.0,P026,33,1364.32
27:15.0,P027,37,1871.53
27:15.0,P028,14,639.64
27:15.0,P029,41,3592.12
27:15.0,P030,4,326.73
27:15.0,P001,9,840.54
27:15.0,P002,9,712.82
27:15.0,P003,19,975.12
27:15.0,P004,33,2173.79
27:15.0,P005,1,39.59
27:15.0,P006,42,2611.08
27:15.0,P007,10,168.28
27:15.0,P008,22,473.53
27:15.0,P009,30,1380.81
27:15.0,P010,15,1015.18
27:15.0,P011,39,2834.72
27:15.0,P012,24,2177.06
27:15.0,P013,2,112.74
27:15.0,P014,31,790.77
27:15.0,P015,18,1511.3
27:15.0,P016,17,596.24
27:15.0,P017,21,377.65
27:15.0,P018,0,0
27:15.0,P019,11,314.27
27:15.0,P020,33,712.38
27:15.0,P021,25,1803.39
27:15.0,P022,8,146.45
27:15.0,P023,46,3059.51
27:15.0,P024,46,2578.26
27:15.0,P025,42,3900.9
27:15.0,P026,16,558.7
27:15.0,P027,0,0
27:15.0,P028,34,904.63
27:15.0,P029,14,816.1
27:15.0,P030,21,656.26
27:15.0,P001,27,1166.46
27:15.0,P002,23,1721.47
27:15.0,P003,25,332.54
27:15.0,P004,6,431.07
27:15.0,P005,22,1233.12
27:15.0,P006,46,586.15
27:15.0,P007,17,854.54
27:15.0,P008,34,1555.32
27:15.0,P009,24,1832.8
27:15.0,P010,27,318.77
27:15.0,P011,16,464.49
27:15.0,P012,25,1454.51
27:15.0,P013,24,2163.54
27:15.0,P014,19,1000.49
27:15.0,P015,9,729.23
27:15.0,P016,44,2339.15
27:15.0,P017,35,2041.89
27:15.0,P018,33,1986.49
27:15.0,P019,39,1905.13
27:15.0,P020,18,793.61
27:15.0,P021,36,1536.39
27:15.0,P022,25,1617
27:15.0,P023,44,1748.18
27:15.0,P024,32,341.7
27:15.0,P025,20,475.15
27:15.0,P026,47,1149.68
27:15.0,P027,10,179.1
27:15.0,P028,29,742.51
27:15.0,P029,8,137.77
27:15.0,P030,30,1408.07
27:15.0,P001,35,3491.35
27:15.0,P002,5,229.04
27:15.0,P003,27,2499.27
27:15.0,P004,14,1169.51
27:15.0,P005,48,2600.03
27:15.0,P006,37,2596.58
27:15.0,P007,1,60.11
27:15.0,P008,7,370.27
27:15.0,P009,44,3487.19
27:15.0,P010,5,485.6
27:15.0,P011,3,144.87
27:15.0,P012,32,2440.39
27:15.0,P013,11,223.69
27:15.0,P014,25,1977.5
27:15.0,P015,37,2305.52
27:15.0,P016,10,938.81
27:15.0,P017,12,695.2
27:15.0,P018,32,1383.38
27:15.0,P019,9,534.37
27:15.0,P020,9,891.87
27:15.0,P021,12,859.34
27:15.0,P022,19,625.44
27:15.0,P023,36,368.78
27:15.0,P024,8,508.86
27:15.0,P025,23,1484.63
27:15.0,P026,34,1407.54
27:15.0,P027,48,4155.14
27:15.0,P028,43,2010.97
27:15.0,P029,10,944.51
27:15.0,P030,11,485.44
27:15.0,P001,0,0
27:15.0,P002,21,300.9
27:15.0,P003,28,632.23
27:15.0,P004,40,3101.81
27:15.0,P005,29,2443.6
27:15.0,P006,36,2999.22
27:15.0,P007,13,741.99
27:15.0,P008,3,115.37
27:15.0,P009,41,1858.12
27:15.0,P010,39,1976.34
27:15.0,P011,39,1713.07
27:15.0,P012,37,2167.47
27:15.0,P013,14,867.63
27:15.0,P014,16,1455.39
27:15.0,P015,1,58.92
27:15.0,P016,39,1193.88
27:15.0,P017,38,779.79
27:15.0,P018,5,199.77
27:15.0,P019,7,507.04
27:15.0,P020,14,1247.07
27:15.0,P021,32,1856.37
27:15.0,P022,38,2340.18
27:15.0,P023,28,662.22
27:15.0,P024,32,2356.1
27:15.0,P025,26,2000.83
27:15.0,P026,3,183.87
27:15.0,P027,9,490.13
27:15.0,P028,9,367.09
27:15.0,P029,37,2156.48
27:15.0,P030,46,3964.31
27:15.0,P001,23,1480.19
27:15.0,P002,14,1144.59
27:15.0,P003,4,215.09
27:15.0,P004,3,225.01
27:15.0,P005,1,11.1
27:15.0,P006,35,2059.58
27:15.0,P007,42,2684.33
27:15.0,P008,19,500.53
27:15.0,P009,9,367.44
27:15.0,P010,5,230.38
27:15.0,P011,46,1652.03
27:15.0,P012,42,999.67
27:15.0,P013,12,270.25
27:15.0,P014,17,1105.52
27:15.0,P015,46,3466.04
27:15.0,P016,42,3943.41
27:15.0,P017,35,3244.06
27:15.0,P018,4,372.1
27:15.0,P019,7,480.36
27:15.0,P020,48,2969.57
27:15.0,P021,8,385.37
27:15.0,P022,28,542.7
27:15.0,P023,40,3732.05
27:15.0,P024,22,463.17
27:15.0,P025,36,3550.89
27:15.0,P026,45,1204.6
27:15.0,P027,22,2043.27
27:15.0,P028,39,2523.71
27:15.0,P029,46,686.71
27:15.0,P030,8,228.02
27:15.0,P001,25,1000.37
27:15.0,P002,24,2105.2
27:15.0,P003,37,1523.33
27:15.0,P004,17,905.68
27:15.0,P005,26,1318.19
27:15.0,P006,42,544.16
27:15.0,P007,23,1425.7
27:15.0,P008,5,65.25
27:15.0,P009,32,1363.69
27:15.0,P010,42,2809.96
27:15.0,P011,27,786.81
27:15.0,P012,48,1249.12
27:15.0,P013,19,974.87
27:15.0,P014,19,899.01
27:15.0,P015,27,1570.22
27:15.0,P016,39,2152.7
27:15.0,P017,0,0
27:15.0,P018,29,2247.4
27:15.0,P019,18,746.01
27:15.0,P020,29,787.69
27:15.0,P021,44,1935.79
27:15.0,P022,15,912.54
27:15.0,P023,17,619.89
27:15.0,P024,46,2644.46
27:15.0,P025,27,1439.04
27:15.0,P026,29,1750.66
27:15.0,P027,3,79.12
27:15.0,P028,28,470.27
27:15.0,P029,2,87.2
27:15.0,P030,9,816.92
27:15.0,P001,33,1543.94
27:15.0,P002,22,2158.28
27:15.0,P003,31,2307.56
27:15.0,P004,28,1308.12
27:15.0,P005,2,61.59
27:15.0,P006,7,135.59
27:15.0,P007,46,2817.5
27:15.0,P008,32,1923.36
27:15.0,P009,7,132.65
27:15.0,P010,31,3068.55
27:15.0,P011,31,2697.39
27:15.0,P012,42,4058.81
27:15.0,P013,36,817.11
27:15.0,P014,13,472.98
27:15.0,P015,47,837.69
27:15.0,P016,9,159.26
27:15.0,P017,22,1899.29
27:15.0,P018,47,1237.47
27:15.0,P019,35,2375.22
27:15.0,P020,17,1535.79
27:15.0,P021,46,3046.51
27:15.0,P022,10,333.48
27:15.0,P023,1,42.68
27:15.0,P024,11,932.35
27:15.0,P025,36,1686.49
27:15.0,P026,29,1236.8
27:15.0,P027,43,1279.51
27:15.0,P028,21,1683.74
27:15.0,P029,16,1410.59
27:15.0,P030,45,2357.82
27:15.0,P001,31,1496.35
27:15.0,P002,16,546.9
27:15.0,P003,39,2842.95
27:15.0,P004,24,797.04
27:15.0,P005,21,1788.02
27:15.0,P006,3,65.71
27:15.0,P007,28,712.63
27:15.0,P008,22,1572.7
27:15.0,P009,5,461.43
27:15.0,P010,20,1667.1
27:15.0,P011,40,1386.6
27:15.0,P012,16,743.56
27:15.0,P013,37,3133.04
27:15.0,P014,22,431.03
27:15.0,P015,21,468.71
27:15.0,P016,30,2659.5
27:15.0,P017,39,1270.06
27:15.0,P018,44,3073.55
27:15.0,P019,6,369.58
27:15.0,P020,16,763.03
27:15.0,P021,27,2143.31
27:15.0,P022,45,640.21
27:15.0,P023,42,1116.92
27:15.0,P024,35,2778.61
27:15.0,P025,28,1261.02
27:15.0,P026,39,1924.55
27:15.0,P027,35,2614.99
27:15.0,P028,38,2467.58
27:15.0,P029,33,1508.05
27:15.0,P030,23,2169.24
27:15.0,P001,4,214.15
27:15.0,P002,35,2050.5
27:15.0,P003,18,1144.03
27:15.0,P004,42,3619.42
27:15.0,P005,44,1052.5
27:15.0,P006,8,635.06
27:15.0,P007,8,134.1
27:15.0,P008,16,754.42
27:15.0,P009,42,2681.52
27:15.0,P010,24,772.23
27:15.0,P011,2,34
27:15.0,P012,43,3118.48
27:15.0,P013,29,303.71
27:15.0,P014,11,467.36
27:15.0,P015,43,3554.76
27:15.0,P016,48,1071.06
27:15.0,P017,9,649.35
27:15.0,P018,48,1279.77
27:15.0,P019,15,1328.48
27:15.0,P020,7,472.54
27:15.0,P021,16,1108.65
27:15.0,P022,15,1296.41
27:15.0,P023,24,2191.27
27:15.0,P024,11,329
27:15.0,P025,25,366.09
27:15.0,P026,25,338.71
27:15.0,P027,9,566.49
27:15.0,P028,16,420.03
27:15.0,P029,20,1051.78
27:15.0,P030,6,78.33
27:15.0,P001,6,220.57
27:15.0,P002,47,957.64
27:15.0,P003,22,1794.78
27:15.0,P004,30,2627.52
27:15.0,P005,38,1936.59
27:15.0,P006,41,2788.38
27:15.0,P007,13,827.64
27:15.0,P008,34,2055.67
27:15.0,P009,44,744.73
27:15.0,P010,36,2078.06
27:15.0,P011,25,1880.73
27:15.0,P012,43,2645.3
27:15.0,P013,48,2805.89
27:15.0,P014,21,812.44
27:15.0,P015,17,965.86
27:15.0,P016,44,2878.82
27:15.0,P017,1,12.2
27:15.0,P018,41,4064.36
27:15.0,P019,12,691.25
27:15.0,P020,31,2911.93
27:15.0,P021,38,412.44
27:15.0,P022,28,2213.31
27:15.0,P023,28,374.74
27:15.0,P024,43,2858.45
27:15.0,P025,43,4238.4
27:15.0,P026,9,164.28
27:15.0,P027,38,2167.02
27:15.0,P028,0,0
27:15.0,P029,2,104.12
27:15.0,P030,29,2515.86
27:15.0,P001,17,527.42
27:15.0,P002,24,838.89
27:15.0,P003,45,632.66
27:15.0,P004,14,624.25
27:15.0,P005,23,487.59
27:15.0,P006,36,2907.76
27:15.0,P007,42,2644.73
27:15.0,P008,38,3386.58
27:15.0,P009,45,2883.23
27:15.0,P010,12,1188.32
27:15.0,P011,6,595.23
27:15.0,P012,7,663.92
27:15.0,P013,44,916.54
27:15.0,P014,42,1087.28
27:15.0,P015,25,332.65
27:15.0,P016,2,168.72
27:15.0,P017,4,60.82
27:15.0,P018,46,1355.58
27:15.0,P019,8,747.98
27:15.0,P020,48,1231.23
27:15.0,P021,41,2311.26
27:15.0,P022,17,1234.91
27:15.0,P023,23,2087.69
27:15.0,P024,34,1026.79
27:15.0,P025,46,604.34
27:15.0,P026,3,186.62
27:15.0,P027,33,1688.57
27:15.0,P028,2,69.13
27:15.0,P029,28,2519.65
27:15.0,P030,24,2080.74
27:15.0,P001,41,3397.11
27:15.0,P002,39,3659.88
27:15.0,P003,10,178.29
27:15.0,P004,23,752.98
27:15.0,P005,37,1234.98
27:15.0,P006,4,57.56
27:15.0,P007,17,294
27:15.0,P008,47,3360.18
27:15.0,P009,4,396.93
27:15.0,P010,49,2673.6
27:15.0,P011,31,1749.86
27:15.0,P012,2,82.61
27:15.0,P013,33,1945.02
27:15.0,P014,12,408.39
27:15.0,P015,5,284.57
27:15.0,P016,15,1038.91
27:15.0,P017,32,773.14
27:15.0,P018,47,3466.38
27:15.0,P019,42,1322.25
27:15.0,P020,41,800.53
27:15.0,P021,26,2021.36
27:15.0,P022,6,536.08
27:15.0,P023,44,3892.5
27:15.0,P024,30,2529.71
27:15.0,P025,9,754.16
27:15.0,P026,29,2661.71
27:15.0,P027,17,1421.49
27:15.0,P028,13,1015.26
27:15.0,P029,11,116.32
27:15.0,P030,31,544.63
27:15.0,P001,26,2555.98
27:15.0,P002,16,326.82
27:15.0,P003,33,2213
27:15.0,P004,23,1924.67
27:15.0,P005,47,922.53
27:15.0,P006,29,338.1
27:15.0,P007,40,3866.77
27:15.0,P008,27,1807.27
27:15.0,P009,29,2257.15
27:15.0,P010,21,1981.36
27:15.0,P011,31,2460.68
27:15.0,P012,3,111.26
27:15.0,P013,16,1270.22
27:15.0,P014,16,998.33
27:15.0,P015,0,0
27:15.0,P016,17,1503.45
27:15.0,P017,46,4471.15
27:15.0,P018,35,2389.86
27:15.0,P019,11,134.34
27:15.0,P020,10,839.36
27:15.0,P021,46,2482.98
27:15.0,P022,10,714.97
27:15.0,P023,25,607.61
27:15.0,P024,33,3291.46
27:15.0,P025,16,307.16
27:15.0,P026,40,989.05
27:15.0,P027,28,2028.08
27:15.0,P028,31,539.84
27:15.0,P029,13,399.16
27:15.0,P030,10,345.93
27:15.0,P001,16,1547.06
27:15.0,P002,27,2046.99
27:15.0,P003,46,2197.67
27:15.0,P004,19,869.89
27:15.0,P005,4,394.23
27:15.0,P006,0,0
27:15.0,P007,37,1135.75
27:15.0,P008,34,435.27
27:15.0,P009,24,1784.24
27:15.0,P010,17,1492.47
27:15.0,P011,15,883.36
27:15.0,P012,45,1274.99
27:15.0,P013,28,2237.02
27:15.0,P014,14,711.65
27:15.0,P015,49,3846.12
27:15.0,P016,2,163.42
27:15.0,P017,43,555.88
27:15.0,P018,2,53.38
27:15.0,P019,14,746.72
27:15.0,P020,13,830.04
27:15.0,P021,43,1387.98
27:15.0,P022,8,224.38
27:15.0,P023,21,1309.93
27:15.0,P024,1,81.78
27:15.0,P025,10,985.92
27:15.0,P026,16,176.73
27:15.0,P027,17,1211.1
27:15.0,P028,17,904.31
27:15.0,P029,30,2249.1
27:15.0,P030,10,725.48
27:15.0,P001,32,3063.63
27:15.0,P002,40,542.63
27:15.0,P003,21,1625.92
27:15.0,P004,40,1271.36
27:15.0,P005,45,1027.11
27:15.0,P006,15,801.18
27:15.0,P007,27,1976.99
27:15.0,P008,9,718.4
27:15.0,P009,49,1929.69
27:15.0,P010,1,58.08
27:15.0,P011,40,1662.26
27:15.0,P012,32,2694.6
27:15.0,P013,25,1143.08
27:15.0,P014,1,97.97
27:15.0,P015,25,1801.3
27:15.0,P016,49,4112.55
27:15.0,P017,41,1028.01
27:15.0,P018,48,4590.7
27:15.0,P019,2,181.32
27:15.0,P020,8,754.07
27:15.0,P021,38,2476.27
27:15.0,P022,40,2952.62
27:15.0,P023,7,666.83
27:15.0,P024,27,2218.2
27:15.0,P025,46,3833.38
27:15.0,P026,6,416.84
27:15.0,P027,15,889.25
27:15.0,P028,21,1064.88
27:15.0,P029,2,27.34
27:15.0,P030,41,2028.46
27:15.0,P001,17,262.34
27:15.0,P002,22,1507.58
27:15.0,P003,24,2123.05
27:15.0,P004,18,1760.9
27:15.0,P005,35,2694.48
27:15.0,P006,28,2270.04
27:15.0,P007,31,1699.97
27:15.0,P008,17,201.92
27:15.0,P009,18,550.1
27:15.0,P010,31,1823.52
27:15.0,P011,2,34.67
27:15.0,P012,34,1014.92
27:15.0,P013,14,464.68
27:15.0,P014,11,282.45
27:15.0,P015,20,1508.9
27:15.0,P016,23,1110.77
27:15.0,P017,3,228.54
27:15.0,P018,19,1053.28
27:15.0,P019,49,4313.61
27:15.0,P020,31,1950.68
27:15.0,P021,33,1775.41
27:15.0,P022,1,63.8
27:15.0,P023,35,1678.42
27:15.0,P024,41,4070.97
27:15.0,P025,11,490.01
27:15.0,P026,17,1136.29
27:15.0,P027,14,437.1
27:15.0,P028,25,1860.61
27:15.0,P029,47,3015.85
27:15.0,P030,41,1286.53
27:15.0,P001,13,729.76
27:15.0,P002,36,3128.21
27:15.0,P003,44,2171.17
27:15.0,P004,46,2914.68
27:15.0,P005,38,1608.58
27:15.0,P006,1,18.57
27:15.0,P007,16,723.16
27:15.0,P008,27,897.26
27:15.0,P009,36,389.26
27:15.0,P010,0,0
27:15.0,P011,35,3404.94
27:15.0,P012,46,1431.55
27:15.0,P013,9,149.53
27:15.0,P014,13,517.14
27:15.0,P015,28,1129.25
27:15.0,P016,29,670.42
27:15.0,P017,4,129.54
27:15.0,P018,42,4005.65
27:15.0,P019,19,838.7
27:15.0,P020,42,3203.6
27:15.0,P021,36,2088.58
27:15.0,P022,48,4126.82
27:15.0,P023,43,2157.45
27:15.0,P024,46,4054.64
27:15.0,P025,43,2519.44
27:15.0,P026,19,651.27
27:15.0,P027,1,21.07
27:15.0,P028,36,3394.6
27:15.0,P029,28,1892.81
27:15.0,P030,34,1723.73
27:15.0,P001,4,77.19
27:15.0,P002,13,935.2
27:15.0,P003,19,1877.14
27:15.0,P004,23,1649.95
27:15.0,P005,33,1289.7
27:15.0,P006,28,2467.15
27:15.0,P007,30,986.41
27:15.0,P008,42,2267.84
27:15.0,P009,43,2489.79
27:15.0,P010,22,279.35
27:15.0,P011,44,1008.43
27:15.0,P012,49,1380.17
27:15.0,P013,7,681.04
27:15.0,P014,0,0
27:15.0,P015,28,1398.25
27:15.0,P016,4,386.8
27:15.0,P017,46,3327.47
27:15.0,P018,25,1092.17
27:15.0,P019,29,1587.63
27:15.0,P020,16,1356.46
27:15.0,P021,46,2822.32
27:15.0,P022,11,221.98
27:15.0,P023,24,1729.38
27:15.0,P024,32,2049.76
27:15.0,P025,30,2078.99
27:15.0,P026,47,3224.72
27:15.0,P027,25,1034.29
27:15.0,P028,1,99.95
27:15.0,P029,5,193.15
27:15.0,P030,32,1491.89
27:15.0,P001,47,3652.77
27:15.0,P002,12,431.78
27:15.0,P003,10,890.66
27:15.0,P004,37,1459.02
27:15.0,P005,37,1829.11
27:15.0,P006,33,2593.99
27:15.0,P007,40,1541.9
27:15.0,P008,44,3678.62
27:15.0,P009,23,844.52
27:15.0,P010,6,63.11
27:15.0,P011,14,934.06
27:15.0,P012,6,364.26
27:15.0,P013,18,809.46
27:15.0,P014,24,1528.41
27:15.0,P015,31,1351.37
27:15.0,P016,43,486.76
27:15.0,P017,10,643.1
27:15.0,P018,45,3052.43
27:15.0,P019,1,51.71
27:15.0,P020,2,117.63
27:15.0,P021,7,397.02
27:15.0,P022,5,461.41
27:15.0,P023,28,1139.94
27:15.0,P024,11,257.5
27:15.0,P025,47,2924.13
27:15.0,P026,43,2274.81
27:15.0,P027,42,3311.26
27:15.0,P028,5,386.09
27:15.0,P029,43,4127.88
27:15.0,P030,44,3696.68
27:15.0,P001,42,448.59
27:15.0,P002,46,755.1
27:15.0,P003,14,446.79
27:15.0,P004,10,442.07
27:15.0,P005,3,282.3
27:15.0,P006,21,577.72
27:15.0,P007,13,698.47
27:15.0,P008,47,2682.65
27:15.0,P009,45,1694.52
27:15.0,P010,46,2663.56
27:15.0,P011,7,266.12
27:15.0,P012,35,2610.55
27:15.0,P013,1,34.54
27:15.0,P014,3,252.26
27:15.0,P015,29,762.8
27:15.0,P016,30,2620.42
27:15.0,P017,38,2176.06
27:15.0,P018,6,219.45
27:15.0,P019,48,2930.79
27:15.0,P020,41,3796.51
27:15.0,P021,19,1016.86
27:15.0,P022,6,500.5
27:15.0,P023,43,598.01
27:15.0,P024,41,824.4
27:15.0,P025,12,769.74
27:15.0,P026,20,1791.57
27:15.0,P027,8,651.5
27:15.0,P028,14,909.84
27:15.0,P029,41,3731.09
27:15.0,P030,15,901.46
27:15.0,P001,26,2086.43
27:15.0,P002,49,3717.94
27:15.0,P003,35,1684.78
27:15.0,P004,9,745.72
27:15.0,P005,18,1190.65
27:15.0,P006,32,1540.96
27:15.0,P007,4,100.49
27:15.0,P008,34,2999.93
27:15.0,P009,32,944.21
27:15.0,P010,16,416.96
27:15.0,P011,36,2439.99
27:15.0,P012,27,771.03
27:15.0,P013,10,308.75
27:15.0,P014,13,869.46
27:15.0,P015,24,2373.62
27:15.0,P016,34,2166.96
27:15.0,P017,17,788.61
27:15.0,P018,38,2857.85
27:15.0,P019,10,992.13
27:15.0,P020,45,871.64
27:15.0,P021,25,1008.76
27:15.0,P022,31,1074.91
27:15.0,P023,45,1522.83
27:15.0,P024,36,3257.18
27:15.0,P025,2,92.21
27:15.0,P026,32,972.77
27:15.0,P027,40,2621.76
27:15.0,P028,12,680.58
27:15.0,P029,1,70.26
27:15.0,P030,43,1334.47
27:15.0,P001,20,688.07
27:15.0,P002,7,480.05
27:15.0,P003,43,1685.17
27:15.0,P004,2,54.26
27:15.0,P005,1,99.47
27:15.0,P006,1,42.66
27:15.0,P007,34,2575.79
27:15.0,P008,29,1160.62
27:15.0,P009,21,1272.74
27:15.0,P010,35,3379.25
27:15.0,P011,28,2018.81
27:15.0,P012,15,702.8
27:15.0,P013,29,1465.47
27:15.0,P014,15,151.67
27:15.0,P015,15,1047.63
27:15.0,P016,19,1002.06
27:15.0,P017,29,902.42
27:15.0,P018,27,2637.22
27:15.0,P019,4,305.38
27:15.0,P020,43,1372.95
27:15.0,P021,29,1649.7
27:15.0,P022,5,165.67
27:15.0,P023,7,545.82
27:15.0,P024,32,2072.44
27:15.0,P025,11,884.21
27:15.0,P026,33,517.43
27:15.0,P027,35,1304.85
27:15.0,P028,49,1996.78
27:15.0,P029,40,715.51
27:15.0,P030,26,819.39
27:15.0,P001,0,0
27:15.0,P002,22,2085.93
27:15.0,P003,17,958.99
27:15.0,P004,34,2746
27:15.0,P005,14,1390.12
27:15.0,P006,36,1626.98
27:15.0,P007,11,1031.29
27:15.0,P008,41,2401.61
27:15.0,P009,44,1947.27
27:15.0,P010,23,1332.24
27:15.0,P011,13,1072.93
27:15.0,P012,15,436.18
27:15.0,P013,13,224.68
27:15.0,P014,20,241.21
27:15.0,P015,26,1886.19
27:15.0,P016,17,1634.7
27:15.0,P017,17,1150.69
27:15.0,P018,24,1482.35
27:15.0,P019,32,2977.54
27:15.0,P020,13,292.86
27:15.0,P021,15,1182.49
27:15.0,P022,2,191.5
27:15.0,P023,5,115.87
27:15.0,P024,33,532.47
27:15.0,P025,33,1833.14
27:15.0,P026,14,1353.53
27:15.0,P027,11,1066.16
27:15.0,P028,31,1968.07
27:15.0,P029,30,1666.58
27:15.0,P030,17,594.96
27:15.0,P001,5,50.15
27:15.0,P002,42,2762.04
27:15.0,P003,22,521.01
27:15.0,P004,4,321.07
27:15.0,P005,9,261.52
27:15.0,P006,10,778.83
27:15.0,P007,30,2176.6
27:15.0,P008,8,389.84
27:15.0,P009,8,182.42
27:15.0,P010,8,643.54
27:15.0,P011,45,859.24
27:15.0,P012,15,1083.68
27:15.0,P013,32,1787.14
27:15.0,P014,38,1162.82
27:15.0,P015,36,2353.31
27:15.0,P016,28,1852.22
27:15.0,P017,37,1788.86
27:15.0,P018,36,3232.6
27:15.0,P019,34,1465.34
27:15.0,P020,27,1440.37
27:15.0,P021,6,456.15
27:15.0,P022,21,2031.62
27:15.0,P023,1,22.04
27:15.0,P024,20,234.55
27:15.0,P025,14,873.51
27:15.0,P026,22,491.48
27:15.0,P027,38,2496.8
27:15.0,P028,12,133.09
27:15.0,P029,49,3265.21
27:15.0,P030,17,268.86
27:15.0,P001,31,1671.11
27:15.0,P002,34,1153.5
27:15.0,P003,10,508.94
27:15.0,P004,25,536.2
27:15.0,P005,33,1294.29
27:15.0,P006,17,898.31
27:15.0,P007,40,2610.69
27:15.0,P008,28,1437.81
27:15.0,P009,20,1921.2
27:15.0,P010,48,4607.05
27:15.0,P011,16,1108.52
27:15.0,P012,40,2877.28
27:15.0,P013,47,1547.26
27:15.0,P014,9,843.56
27:15.0,P015,39,2009.79
27:15.0,P016,10,545.91
27:15.0,P017,7,633.92
27:15.0,P018,7,212.99
27:15.0,P019,16,255.98
27:15.0,P020,23,2056.69
27:15.0,P021,4,305.48
27:15.0,P022,0,0
27:15.0,P023,7,96.25
27:15.0,P024,22,1638.32
27:15.0,P025,44,3616.44
27:15.0,P026,34,377.05
27:15.0,P027,4,223.09
27:15.0,P028,39,1629.91
27:15.0,P029,45,4465.93
27:15.0,P030,14,1327.32
27:15.0,P001,27,1132.26
27:15.0,P002,4,237.86
27:15.0,P003,31,501.71
27:15.0,P004,9,106.97
27:15.0,P005,31,1745.89
27:15.0,P006,16,585.44
27:15.0,P007,39,2582.57
27:15.0,P008,1,70.06
27:15.0,P009,2,41.85
27:15.0,P010,3,239.15
27:15.0,P011,40,3855.38
27:15.0,P012,49,1910.97
27:15.0,P013,35,1272.39
27:15.0,P014,39,789.99
27:15.0,P015,12,749.02
27:15.0,P016,30,1706.07
27:15.0,P017,31,2141.58
27:15.0,P018,10,139.36
27:15.0,P019,16,1496.44
27:15.0,P020,8,347.96
27:15.0,P021,13,644.1
27:15.0,P022,24,593.56
27:15.0,P023,29,2712.91
27:15.0,P024,43,1194.21
27:15.0,P025,45,501.5
27:15.0,P026,20,714.63
27:15.0,P027,31,1194.21
27:15.0,P028,38,3275.08
27:15.0,P029,40,2358.46
27:15.0,P030,20,1559.08
27:15.0,P001,20,1961.12
27:15.0,P002,45,3400.39
27:15.0,P003,6,157.52
27:15.0,P004,31,805.03
27:15.0,P005,21,1633.52
27:15.0,P006,24,2264.76
27:15.0,P007,28,2114.43
27:15.0,P008,1,21.86
27:15.0,P009,14,255.76
27:15.0,P010,49,1431.59
27:15.0,P011,22,1884.59
27:15.0,P012,12,566.49
27:15.0,P013,36,2272.73
27:15.0,P014,2,73.56
27:15.0,P015,18,425.54
27:15.0,P016,29,2569.37
27:15.0,P017,46,4091.35
27:15.0,P018,36,878.63
27:15.0,P019,41,2469.18
27:15.0,P020,7,225.41
27:15.0,P021,4,357.32
27:15.0,P022,3,56.78
27:15.0,P023,31,2764.69
27:15.0,P024,33,935.99
27:15.0,P025,9,691.3
27:15.0,P026,45,2944.74
27:15.0,P027,26,1869.65
27:15.0,P028,47,3785.44
27:15.0,P029,35,366.47
27:15.0,P030,25,2139.92
27:15.0,P001,11,848.28
27:15.0,P002,13,1006.97
27:15.0,P003,19,749.05
27:15.0,P004,30,1125.13
27:15.0,P005,18,1794.06
27:15.0,P006,3,134.05
27:15.0,P007,3,224.96
27:15.0,P008,23,679.62
27:15.0,P009,25,1130.93
27:15.0,P010,20,203.38
27:15.0,P011,38,391.01
27:15.0,P012,37,925.73
27:15.0,P013,44,808.24
27:15.0,P014,6,319.73
27:15.0,P015,13,976.38
27:15.0,P016,36,2239.15
27:15.0,P017,3,44.26
27:15.0,P018,23,1630.29
27:15.0,P019,17,1091.28
27:15.0,P020,18,987.17
27:15.0,P021,45,1053.45
27:15.0,P022,23,921.87
27:15.0,P023,29,2852.94
27:15.0,P024,30,2527.85
27:15.0,P025,18,893.12
27:15.0,P026,35,735.49
27:15.0,P027,48,2354.96
27:15.0,P028,17,738.28
27:15.0,P029,48,3064.33
27:15.0,P030,46,4593.16
27:15.0,P001,44,1126.98
27:15.0,P002,5,336.28
27:15.0,P003,47,1224.01
27:15.0,P004,14,656.48
27:15.0,P005,13,1004.25
27:15.0,P006,38,2335.8
27:15.0,P007,15,423.96
27:15.0,P008,9,360.95
27:15.0,P009,12,876.27
27:15.0,P010,29,2460.73
27:15.0,P011,44,3202.78
27:15.0,P012,44,3539.02
27:15.0,P013,18,600.06
27:15.0,P014,45,1363.44
27:15.0,P015,4,343.1
27:15.0,P016,36,1918.14
27:15.0,P017,20,1024.74
27:15.0,P018,4,294.17
27:15.0,P019,25,431.35
27:15.0,P020,38,3471.38
27:15.0,P021,34,1676.76
27:15.0,P022,35,2761.37
27:15.0,P023,45,2921.41
27:15.0,P024,30,2791.08
27:15.0,P025,24,2306.29
27:15.0,P026,29,1027.97
27:15.0,P027,41,1451.27
27:15.0,P028,27,940
27:15.0,P029,27,2182.72
27:15.0,P030,9,310.28
27:15.0,P001,30,1514.3
27:15.0,P002,12,409.59
27:15.0,P003,8,431.05
27:15.0,P004,42,656.83
27:15.0,P005,42,946.35
27:15.0,P006,3,115.1
27:15.0,P007,26,1072.78
27:15.0,P008,14,167.5
27:15.0,P009,10,967.05
27:15.0,P010,14,1251.49
27:15.0,P011,20,294.06
27:15.0,P012,43,3478.45
27:15.0,P013,13,985.06
27:15.0,P014,20,661.75
27:15.0,P015,2,150.53
27:15.0,P016,36,2191.67
27:15.0,P017,18,680.09
27:15.0,P018,20,1295.35
27:15.0,P019,40,479.33
27:15.0,P020,3,142.86
27:15.0,P021,6,429.23
27:15.0,P022,32,1827.37
27:15.0,P023,33,1529.81
27:15.0,P024,42,675.79
27:15.0,P025,21,1247.31
27:15.0,P026,33,572.72
27:15.0,P027,5,431.11
27:15.0,P028,9,224.28
27:15.0,P029,1,69.78
27:15.0,P030,1,18.78
27:15.0,P001,15,705.88
27:15.0,P002,38,2245.38
27:15.0,P003,23,1859.03
27:15.0,P004,37,3055.32
27:15.0,P005,9,882.23
27:15.0,P006,48,1349.89
27:15.0,P007,6,530.95
27:15.0,P008,25,992.98
27:15.0,P009,45,3504.14
27:15.0,P010,14,398.15
27:15.0,P011,20,1387.33
27:15.0,P012,27,890.85
27:15.0,P013,40,2416.66
27:15.0,P014,27,2145.99
27:15.0,P015,1,15.87
27:15.0,P016,2,183.66
27:15.0,P017,32,1445.3
27:15.0,P018,34,662.75
27:15.0,P019,22,1847.76
27:15.0,P020,49,901.93
27:15.0,P021,4,387.21
27:15.0,P022,11,628.1
27:15.0,P023,23,968.31
27:15.0,P024,40,2479.34
27:15.0,P025,20,762.23
27:15.0,P026,8,365.1
27:15.0,P027,47,4264.13
27:15.0,P028,17,411.67
27:15.0,P029,19,1143.87
27:15.0,P030,1,38.51
27:15.0,P001,2,85.36
27:15.0,P002,26,907.96
27:15.0,P003,39,2169.75
27:15.0,P004,27,760.9
27:15.0,P005,7,633.21
27:15.0,P006,47,1113.4
27:15.0,P007,3,245.62
27:15.0,P008,45,788.03
27:15.0,P009,31,638.23
27:15.0,P010,10,554.69
27:15.0,P011,15,1484.36
27:15.0,P012,44,4337.08
27:15.0,P013,20,1505.33
27:15.0,P014,33,822.89
27:15.0,P015,37,3632.68
27:15.0,P016,26,1867.25
27:15.0,P017,2,114.93
27:15.0,P018,24,2017.59
27:15.0,P019,25,428.66
27:15.0,P020,4,390.44
27:15.0,P021,27,2355.37
27:15.0,P022,37,2170.84
27:15.0,P023,18,1410.52
27:15.0,P024,10,911.17
27:15.0,P025,43,2207.36
27:15.0,P026,20,657.78
27:15.0,P027,21,1775.39
27:15.0,P028,27,1546.81
27:15.0,P029,47,3481.82
27:15.0,P030,25,476.43
27:15.0,P001,20,956.21
27:15.0,P002,33,1363.39
27:15.0,P003,46,1251.82
27:15.0,P004,10,686.03
27:15.0,P005,47,2911.77
27:15.0,P006,16,1371.68
27:15.0,P007,10,859.36
27:15.0,P008,26,1743.89
27:15.0,P009,19,1454.19
27:15.0,P010,33,1295.56
27:15.0,P011,39,403.4
27:15.0,P012,46,1184.01
27:15.0,P013,8,551.8
27:15.0,P014,0,0
27:15.0,P015,22,372.61
27:15.0,P016,2,144.95
27:15.0,P017,24,705.54
27:15.0,P018,14,407.93
27:15.0,P019,34,2675.26
27:15.0,P020,45,3524.96
27:15.0,P021,35,3094.29
27:15.0,P022,38,3141.29
27:15.0,P023,12,1090.76
27:15.0,P024,32,2837.77
27:15.0,P025,26,1571.43
27:15.0,P026,26,1172.04
27:15.0,P027,45,2314.45
27:15.0,P028,35,1552.08
27:15.0,P029,34,1603.05
27:15.0,P030,13,690.51
27:15.0,P001,48,661.55
27:15.0,P002,23,286.25
27:15.0,P003,37,1302.52
27:15.0,P004,47,3463.52
27:15.0,P005,45,4138.62
27:15.0,P006,41,2990.47
27:15.0,P007,27,313.76
27:15.0,P008,6,395.53
27:15.0,P009,8,299.42
27:15.0,P010,18,1593.86
27:15.0,P011,13,385.58
27:15.0,P012,35,654.08
27:15.0,P013,29,410.38
27:15.0,P014,32,1670.05
27:15.0,P015,24,2021
27:15.0,P016,34,1032.64
27:15.0,P017,13,999.54
27:15.0,P018,3,47.41
27:15.0,P019,27,2341
27:15.0,P020,40,1589.47
27:15.0,P021,21,1896.45
27:15.0,P022,15,473.34
27:15.0,P023,48,1712.45
27:15.0,P024,11,686.98
27:15.0,P025,45,3915.57
27:15.0,P026,20,314.55
27:15.0,P027,19,566.59
27:15.0,P028,43,874.79
27:15.0,P029,8,734.93
27:15.0,P030,3,264.51
27:15.0,P001,33,2940.57
27:15.0,P002,0,0
27:15.0,P003,22,1072.25
27:15.0,P004,11,1011.57
27:15.0,P005,45,3584.21
27:15.0,P006,40,1626.94
27:15.0,P007,28,709.87
27:15.0,P008,20,1336.35
27:15.0,P009,19,1538.85
27:15.0,P010,3,212.64
27:15.0,P011,27,523.27
27:15.0,P012,21,1696.96
27:15.0,P013,2,137.4
27:15.0,P014,1,34.44
27:15.0,P015,26,2000.01
27:15.0,P016,0,0
27:15.0,P017,37,606.2
27:15.0,P018,24,246.31
27:15.0,P019,11,708.03
27:15.0,P020,26,587.66
27:15.0,P021,41,3994.96
27:15.0,P022,28,1471.89
27:15.0,P023,34,940.06
27:15.0,P024,34,1709.25
27:15.0,P025,19,543.96
27:15.0,P026,12,699.97
27:15.0,P027,48,513.11
27:15.0,P028,7,93.13
27:15.0,P029,32,1295.92
27:15.0,P030,20,989.37
27:15.0,P001,41,1492.97
27:15.0,P002,40,1829.25
27:15.0,P003,36,1281.98
27:15.0,P004,16,323.93
27:15.0,P005,38,2345.75
27:15.0,P006,38,2067.93
27:15.0,P007,10,140.37
27:15.0,P008,10,218.34
27:15.0,P009,45,1119.08
27:15.0,P010,39,1870.62
27:15.0,P011,11,983.44
27:15.0,P012,44,2847.3
27:15.0,P013,47,1725.16
27:15.0,P014,25,2398.89
27:15.0,P015,4,40.56
27:15.0,P016,26,264.92
27:15.0,P017,29,962.35
27:15.0,P018,22,300.31
27:15.0,P019,19,1364.07
27:15.0,P020,1,69.88
27:15.0,P021,32,1633.96
27:15.0,P022,17,311.2
27:15.0,P023,46,2194.44
27:15.0,P024,19,1729.55
27:15.0,P025,11,189.38
27:15.0,P026,14,1084.81
27:15.0,P027,1,70.17
27:15.0,P028,40,2727.22
27:15.0,P029,10,638.82
27:15.0,P030,13,874.23
27:15.0,P001,8,521.05
27:15.0,P002,27,687.59
27:15.0,P003,5,104.25
27:15.0,P004,1,57.7
27:15.0,P005,2,116.11
27:15.0,P006,39,3268.24
27:15.0,P007,40,1919.32
27:15.0,P008,34,1713.49
27:15.0,P009,44,2021.5
27:15.0,P010,36,758.53
27:15.0,P011,48,1413.34
27:15.0,P012,24,1815.01
27:15.0,P013,37,3185.86
27:15.0,P014,42,2045.14
27:15.0,P015,34,577.5
27:15.0,P016,8,300.55
27:15.0,P017,29,1455.15
27:15.0,P018,33,1471.19
27:15.0,P019,2,174.36
27:15.0,P020,14,1096.78
27:15.0,P021,22,851.36
27:15.0,P022,47,522.07
27:15.0,P023,35,1587.87
27:15.0,P024,23,1005.32
27:15.0,P025,27,1316.19
27:15.0,P026,3,42.09
27:15.0,P027,0,0
27:15.0,P028,19,771
27:15.0,P029,9,613.12
27:15.0,P030,27,286.31
27:15.0,P001,46,756.89
27:15.0,P002,10,380.1
27:15.0,P003,37,3190.97
27:15.0,P004,7,299.69
27:15.0,P005,11,664.09
27:15.0,P006,30,2158.34
27:15.0,P007,44,4289.22
27:15.0,P008,29,361.87
27:15.0,P009,2,193.52
27:15.0,P010,3,56.81
27:15.0,P011,45,575.37
27:15.0,P012,26,634.46
27:15.0,P013,49,1871.24
27:15.0,P014,14,754.69
27:15.0,P015,41,3731.31
27:15.0,P016,36,3457.18
27:15.0,P017,36,1895.78
27:15.0,P018,5,321.32
27:15.0,P019,8,788.49
27:15.0,P020,12,775.43
27:15.0,P021,16,715.14
27:15.0,P022,47,3742.07
27:15.0,P023,4,95.49
27:15.0,P024,48,2779.35
27:15.0,P025,44,3457.13
27:15.0,P026,22,1092.07
27:15.0,P027,41,3460.95
27:15.0,P028,44,1210.71
27:15.0,P029,48,2672.17
27:15.0,P030,43,1339.59
27:15.0,P001,10,601.94
27:15.0,P002,0,0
27:15.0,P003,23,2299.41
27:15.0,P004,12,796.33
27:15.0,P005,10,286.58
27:15.0,P006,16,1217.79
27:15.0,P007,17,1123.81
27:15.0,P008,23,1514.77
27:15.0,P009,36,2727.85
27:15.0,P010,7,94.86
27:15.0,P011,16,1183.67
27:15.0,P012,18,394.44
27:15.0,P013,26,2388.12
27:15.0,P014,10,418.11
27:15.0,P015,46,4061.67
27:15.0,P016,20,1542.55
27:15.0,P017,38,806.89
27:15.0,P018,16,1140.29
27:15.0,P019,40,3557.53
27:15.0,P020,11,1069.91
27:15.0,P021,18,1010.9
27:15.0,P022,43,2300.79
27:15.0,P023,31,1682.49
27:15.0,P024,35,1250.22
27:15.0,P025,32,1940.61
27:15.0,P026,22,985.35
27:15.0,P027,10,926.86
27:15.0,P028,49,3690.41
27:15.0,P029,13,663.5
27:15.0,P030,27,2280.87
27:15.0,P001,46,2834.41
27:15.0,P002,44,2326.87
27:15.0,P003,8,122.82
27:15.0,P004,44,2179.03
27:15.0,P005,48,1769.24
27:15.0,P006,7,109.35
27:15.0,P007,37,1222.64
27:15.0,P008,4,223.76
27:15.0,P009,45,1344.02
27:15.0,P010,15,1179.51
27:15.0,P011,21,1509.79
27:15.0,P012,42,3716.34
27:15.0,P013,9,198.89
27:15.0,P014,20,845.69
27:15.0,P015,1,40.01
27:15.0,P016,34,984.76
27:15.0,P017,29,313.13
27:15.0,P018,18,505.05
27:15.0,P019,25,2114.06
27:15.0,P020,6,61.25
27:15.0,P021,2,152.82
27:15.0,P022,24,1607.08
27:15.0,P023,14,319.99
27:15.0,P024,39,3679.19
27:15.0,P025,8,631.6
27:15.0,P026,35,2555.11
27:15.0,P027,39,1790.84
27:15.0,P028,33,560.62
27:15.0,P029,3,139.92
27:15.0,P030,37,1389.44
27:15.0,P001,7,139.93
27:15.0,P002,12,1143.5
27:15.0,P003,33,348.08
27:15.0,P004,18,1026.57
27:15.0,P005,15,1070.36
27:15.0,P006,16,880.9
27:15.0,P007,41,1303.83
27:15.0,P008,37,537.25
27:15.0,P009,1,73.91
27:15.0,P010,46,1334.01
27:15.0,P011,33,1164.58
27:15.0,P012,7,254.28
27:15.0,P013,26,311.54
27:15.0,P014,38,2009.41
27:15.0,P015,0,0
27:15.0,P016,29,2845.14
27:15.0,P017,20,586.33
27:15.0,P018,18,1229.46
27:15.0,P019,21,565.02
27:15.0,P020,22,1936.53
27:15.0,P021,9,564.55
27:15.0,P022,7,419.43
27:15.0,P023,19,1357.28
27:15.0,P024,13,671.91
27:15.0,P025,45,3781.27
27:15.0,P026,23,830.24
27:15.0,P027,29,1647.64
27:15.0,P028,12,1110.14
27:15.0,P029,7,240.99
27:15.0,P030,30,1067.54
27:15.0,P001,17,1430.38
27:15.0,P002,10,344.39
27:15.0,P003,48,1851.97
27:15.0,P004,30,810.41
27:15.0,P005,28,398.07
27:15.0,P006,31,1965.83
27:15.0,P007,16,250.27
27:15.0,P008,49,2549.33
27:15.0,P009,5,161.07
27:15.0,P010,28,2625.84
27:15.0,P011,0,0
27:15.0,P012,8,686.75
27:15.0,P013,43,2642.9
27:15.0,P014,17,1534.56
27:15.0,P015,12,576.18
27:15.0,P016,5,219.79
27:15.0,P017,11,778.39
27:15.0,P018,16,1149.31
27:15.0,P019,25,1520.42
27:15.0,P020,26,2235.54
27:15.0,P021,9,202.68
27:15.0,P022,20,1483.48
27:15.0,P023,12,317.43
27:15.0,P024,23,1805.35
27:15.0,P025,16,1133.6
27:15.0,P026,24,883.79
27:15.0,P027,20,1055.73
27:15.0,P028,18,1223.52
27:15.0,P029,41,796.74
27:15.0,P030,47,2099.06
27:15.0,P001,40,2113.48
27:15.0,P002,47,1353.57
27:15.0,P003,13,1031.81
27:15.0,P004,40,588.48
27:15.0,P005,40,1069.68
27:15.0,P006,36,3023.86
27:15.0,P007,30,2243.07
27:15.0,P008,8,553.29
27:15.0,P009,10,757.45
27:15.0,P010,21,617.75
27:15.0,P011,44,3425.93
27:15.0,P012,44,1609.39
27:15.0,P013,23,2156.77
27:15.0,P014,35,2676.58
27:15.0,P015,27,2638.26
27:15.0,P016,43,1959.16
27:15.0,P017,39,2033.22
27:15.0,P018,0,0
27:15.0,P019,42,1810.23
27:15.0,P020,48,961.73
27:15.0,P021,9,530.48
27:15.0,P022,46,3918.89
27:15.0,P023,45,1429.65
27:15.0,P024,37,1493.36
27:15.0,P025,21,1550.73
27:15.0,P026,13,613.96
27:15.0,P027,24,1830.19
27:15.0,P028,37,2138.02
27:15.0,P029,23,1730.45
27:15.0,P030,24,2321.16
27:15.0,P001,25,1774.47
27:15.0,P002,19,967.91
27:15.0,P003,15,1193.44
27:15.0,P004,39,851.63
27:15.0,P005,11,234.29
27:15.0,P006,41,3251.88
27:15.0,P007,29,1249.78
27:15.0,P008,36,1220.49
27:15.0,P009,31,1236.56
27:15.0,P010,24,1909.99
27:15.0,P011,6,247.97
27:15.0,P012,11,111.34
27:15.0,P013,42,2926.17
27:15.0,P014,12,1172.13
27:15.0,P015,46,3256.9
27:15.0,P016,31,2816.98
27:15.0,P017,32,2065.7
27:15.0,P018,7,200.47
27:15.0,P019,3,272.85
27:15.0,P020,28,855.15
27:15.0,P021,33,2121.78
27:15.0,P022,12,927.24
27:15.0,P023,22,1549.85
27:15.0,P024,3,288.6
27:15.0,P025,8,252.19
27:15.0,P026,31,2126.17
27:15.0,P027,10,966.49
27:15.0,P028,27,2157.94
27:15.0,P029,16,484.55
27:15.0,P030,43,2828.37
27:15.0,P001,25,2156.19
27:15.0,P002,44,1533.9
27:15.0,P003,12,996.01
27:15.0,P004,39,3571.54
27:15.0,P005,30,2120.15
27:15.0,P006,42,3481.27
27:15.0,P007,46,4258.39
27:15.0,P008,23,1730.71
27:15.0,P009,46,711
27:15.0,P010,45,701.92
27:15.0,P011,48,4500.22
27:15.0,P012,19,1268.88
27:15.0,P013,10,140.11
27:15.0,P014,32,3078.85
27:15.0,P015,26,2040.95
27:15.0,P016,31,1706.68
27:15.0,P017,20,1932.16
27:15.0,P018,5,173.62
27:15.0,P019,21,1648.01
27:15.0,P020,13,769.5
27:15.0,P021,12,615.29
27:15.0,P022,2,49.83
27:15.0,P023,28,1492.96
27:15.0,P024,44,637.92
27:15.0,P025,32,714.56
27:15.0,P026,10,813.83
27:15.0,P027,10,452.67
27:15.0,P028,43,4147.63
27:15.0,P029,15,1009.33
27:15.0,P030,47,2190.23
27:15.0,P001,25,1425.71
27:15.0,P002,11,366.95
27:15.0,P003,24,2225.88
27:15.0,P004,22,364.7
27:15.0,P005,17,1671.2
27:15.0,P006,3,253.94
27:15.0,P007,28,2567.9
27:15.0,P008,33,2403.98
27:15.0,P009,42,2391.12
27:15.0,P010,1,97.03
27:15.0,P011,7,171.85
27:15.0,P012,7,557.05
27:15.0,P013,35,1129.12
27:15.0,P014,0,0
27:15.0,P015,16,394.29
27:15.0,P016,23,1810.61
27:15.0,P017,28,1537.22
27:15.0,P018,8,681.49
27:15.0,P019,35,1474.64
27:15.0,P020,27,825.68
27:15.0,P021,42,594.09
27:15.0,P022,41,1596.96
27:15.0,P023,1,56.32
27:15.0,P024,47,873.54
27:15.0,P025,36,1156.42
27:15.0,P026,28,1491.84
27:15.0,P027,12,120.48
27:15.0,P028,35,1259.99
27:15.0,P029,26,2494.34
27:15.0,P030,0,0
27:15.0,P001,28,1493.5
27:15.0,P002,2,90.64
27:15.0,P003,29,2687.09
27:15.0,P004,48,2399.66
27:15.0,P005,25,1053.52
27:15.0,P006,17,1688.44
27:15.0,P007,28,1701.47
27:15.0,P008,26,1232.51
27:15.0,P009,0,0
27:15.0,P010,25,2316.04
27:15.0,P011,22,1221.8
27:15.0,P012,10,776.59
27:15.0,P013,4,52.97
27:15.0,P014,16,373.38
27:15.0,P015,44,1330.57
27:15.0,P016,3,187.04
27:15.0,P017,10,606.99
27:15.0,P018,20,1130.06
27:15.0,P019,25,2139.23
27:15.0,P020,44,1838.08
27:15.0,P021,46,4201.56
27:15.0,P022,25,2258.26
27:15.0,P023,20,1573.6
27:15.0,P024,22,1163.14
27:15.0,P025,14,826.08
27:15.0,P026,44,2780.88
27:15.0,P027,40,1464.5
27:15.0,P028,47,4086.78
27:15.0,P029,27,1815.58
27:15.0,P030,26,421.48
27:15.0,P001,14,1248.17
27:15.0,P002,0,0
27:15.0,P003,23,1941.37
27:15.0,P004,35,2534.9
27:15.0,P005,23,959.89
27:15.0,P006,3,70.93
27:15.0,P007,48,2808.89
27:15.0,P008,22,2063.4
27:15.0,P009,30,645.24
27:15.0,P010,40,400.04
27:15.0,P011,5,74.59
27:15.0,P012,9,252.45
27:15.0,P013,38,1420.36
27:15.0,P014,19,584.01
27:15.0,P015,21,1588.46
27:15.0,P016,27,1023.51
27:15.0,P017,35,2686.97
27:15.0,P018,4,313.26
27:15.0,P019,49,4441.54
27:15.0,P020,36,2668.89
27:15.0,P021,26,895.17
27:15.0,P022,47,4285.21
27:15.0,P023,35,3452.3
27:15.0,P024,21,953.14
27:15.0,P025,20,469.28
27:15.0,P026,15,255.92
27:15.0,P027,30,2335.34
27:15.0,P028,31,776.83
27:15.0,P029,8,273.57
27:15.0,P030,31,428.36
27:15.0,P001,16,1026.24
27:15.0,P002,46,3417.72
27:15.0,P003,20,1208.17
27:15.0,P004,48,2699.85
27:15.0,P005,24,611.71
27:15.0,P006,16,1503.41
27:15.0,P007,23,559.18
27:15.0,P008,14,1040.05
27:15.0,P009,5,464.45
27:15.0,P010,22,467.75
27:15.0,P011,16,204.44
27:15.0,P012,40,1102.87
27:15.0,P013,12,350.46
27:15.0,P014,19,1863.28
27:15.0,P015,2,41.4
27:15.0,P016,48,3620.89
27:15.0,P017,46,2262.24
27:15.0,P018,0,0
27:15.0,P019,25,616.83
27:15.0,P020,31,1390.39
27:15.0,P021,3,133.78
27:15.0,P022,18,1447.12
27:15.0,P023,34,374.94
27:15.0,P024,32,3114.34
27:15.0,P025,3,180.92
27:15.0,P026,28,2339.16
27:15.0,P027,32,3105.06
27:15.0,P028,18,875.95
27:15.0,P029,4,298.64
27:15.0,P030,5,103.32
27:15.0,P001,47,3854.01
27:15.0,P002,34,3254.55
27:15.0,P003,15,327.82
27:15.0,P004,9,745.12
27:15.0,P005,30,1136.43
27:15.0,P006,22,846.77
27:15.0,P007,21,1481.41
27:15.0,P008,36,589.69
27:15.0,P009,13,861.1
27:15.0,P010,2,173.12
27:15.0,P011,18,1197.35
27:15.0,P012,15,369.8
27:15.0,P013,32,1900.71
27:15.0,P014,10,272.28
27:15.0,P015,11,725.08
27:15.0,P016,32,1559.96
27:15.0,P017,27,1253
27:15.0,P018,32,1142.98
27:15.0,P019,47,1880.55
27:15.0,P020,21,838.34
27:15.0,P021,1,28.49
27:15.0,P022,38,3610.01
27:15.0,P023,12,967.65
27:15.0,P024,6,401.43
27:15.0,P025,13,1043.77
27:15.0,P026,28,535.46
27:15.0,P027,28,1099.64
27:15.0,P028,9,830.93
27:15.0,P029,7,112.53
27:15.0,P030,28,2742.3
27:15.0,P001,1,97.36
27:15.0,P002,4,392.42
27:15.0,P003,40,3056.39
27:15.0,P004,25,1559.91
27:15.0,P005,48,1976.98
27:15.0,P006,11,183.3
27:15.0,P007,2,56.96
27:15.0,P008,24,1838.75
27:15.0,P009,1,35.87
27:15.0,P010,9,648.72
27:15.0,P011,25,1608.18
27:15.0,P012,38,968.62
27:15.0,P013,46,4398.89
27:15.0,P014,26,1267.08
27:15.0,P015,19,1214.37
27:15.0,P016,19,347.48
27:15.0,P017,1,34.07
27:15.0,P018,33,2420.26
27:15.0,P019,5,162.9
27:15.0,P020,9,455.06
27:15.0,P021,31,2011.92
27:15.0,P022,40,2292.72
27:15.0,P023,1,87.95
27:15.0,P024,0,0
27:15.0,P025,24,574.43
27:15.0,P026,14,408.49
27:15.0,P027,47,498.27
27:15.0,P028,21,1391.64
27:15.0,P029,29,2065.09
27:15.0,P030,27,1794.79
27:15.0,P001,44,2748.39
27:15.0,P002,48,2821.4
27:15.0,P003,18,1731.28
27:15.0,P004,35,2636.04
27:15.0,P005,45,1213.59
27:15.0,P006,31,908.92
27:15.0,P007,37,709.3
27:15.0,P008,49,3765.86
27:15.0,P009,49,898.48
27:15.0,P010,20,1846.19
27:15.0,P011,27,2363.01
27:15.0,P012,3,147.29
27:15.0,P013,8,395.64
27:15.0,P014,18,1134.92
27:15.0,P015,16,947.5
27:15.0,P016,40,1271.28
27:15.0,P017,19,538.88
27:15.0,P018,38,1061.5
27:15.0,P019,22,319.04
27:15.0,P020,46,582.15
27:15.0,P021,32,937.49
27:15.0,P022,4,67.77
27:15.0,P023,33,515.7
27:15.0,P024,49,3721.35
27:15.0,P025,32,2257.87
27:15.0,P026,17,739.47
27:15.0,P027,9,806.82
27:15.0,P028,18,979.47
27:15.0,P029,12,969.71
27:15.0,P030,2,131.02
27:15.0,P001,0,0
27:15.0,P002,26,1480.19
27:15.0,P003,45,1953.01
27:15.0,P004,8,228.48
27:15.0,P005,42,2454.89
27:15.0,P006,48,4217.64
27:15.0,P007,32,2898.6
27:15.0,P008,8,105.21
27:15.0,P009,20,940.41
27:15.0,P010,42,2831.47
27:15.0,P011,37,1793.91
27:15.0,P012,35,2035.33
27:15.0,P013,42,3959.14
27:15.0,P014,27,1289.12
27:15.0,P015,21,1693.83
27:15.0,P016,12,445.13
27:15.0,P017,6,90.34
27:15.0,P018,23,2149.12
27:15.0,P019,14,494.11
27:15.0,P020,2,93.74
27:15.0,P021,49,2292.71
27:15.0,P022,37,901.11
27:15.0,P023,47,2654.48
27:15.0,P024,48,1281.99
27:15.0,P025,20,1544.2
27:15.0,P026,2,166.54
27:15.0,P027,19,953
27:15.0,P028,3,108.08
27:15.0,P029,3,279.63
27:15.0,P030,26,1465.11
27:15.0,P001,22,724.67
27:15.0,P002,23,1863.84
27:15.0,P003,45,4150.84
27:15.0,P004,31,2503.94
27:15.0,P005,45,1885.42
27:15.0,P006,41,1411.83
27:15.0,P007,15,1333.03
27:15.0,P008,20,1826.41
27:15.0,P009,5,299.02
27:15.0,P010,34,1407.6
27:15.0,P011,40,3491.74
27:15.0,P012,41,3673.35
27:15.0,P013,11,960.18
27:15.0,P014,2,94.61
27:15.0,P015,21,769.33
27:15.0,P016,46,3248.89
27:15.0,P017,12,899.68
27:15.0,P018,46,2486.02
27:15.0,P019,44,1094.53
27:15.0,P020,39,3419.03
27:15.0,P021,36,2732.98
27:15.0,P022,17,624.08
27:15.0,P023,32,1314.26
27:15.0,P024,42,3188.52
27:15.0,P025,13,272.15
27:15.0,P026,46,896.13
27:15.0,P027,35,723.01
27:15.0,P028,41,2652.61
27:15.0,P029,13,325.31
27:15.0,P030,46,2078.88
27:15.0,P001,18,723.79
27:15.0,P002,27,1659.75
27:15.0,P003,42,2525
27:15.0,P004,46,3581
27:15.0,P005,32,1877.81
27:15.0,P006,9,423.61
27:15.0,P007,41,1043.55
27:15.0,P008,49,1934.51
27:15.0,P009,12,1060.17
27:15.0,P010,33,395.76
27:15.0,P011,46,937.73
27:15.0,P012,48,2621.44
27:15.0,P013,28,1386.52
27:15.0,P014,23,1662.59
27:15.0,P015,6,121.71
27:15.0,P016,25,2265.27
27:15.0,P017,6,477.41
27:15.0,P018,38,1813.91
27:15.0,P019,48,3120.97
27:15.0,P020,42,680.99
27:15.0,P021,2,120.92
27:15.0,P022,42,3023.03
27:15.0,P023,15,163.47
27:15.0,P024,27,1964.38
27:15.0,P025,0,0
27:15.0,P026,21,1803.89
27:15.0,P027,43,1721.14
27:15.0,P028,40,2313.68
27:15.0,P029,28,742.27
27:15.0,P030,1,46.41
27:15.0,P001,14,727.55
27:15.0,P002,45,2020.7
27:15.0,P003,39,444.43
27:15.0,P004,47,1349.66
27:15.0,P005,7,622.73
27:15.0,P006,11,289.91
27:15.0,P007,39,3787.91
27:15.0,P008,27,1595.77
27:15.0,P009,48,800.14
27:15.0,P010,1,56.2
27:15.0,P011,14,431.75
27:15.0,P012,28,1688.83
27:15.0,P013,28,1404.89
27:15.0,P014,2,83.09
27:15.0,P015,39,631.19
27:15.0,P016,3,155.34
27:15.0,P017,10,691.06
27:15.0,P018,42,3932.71
27:15.0,P019,29,858.11
27:15.0,P020,48,2092.4
27:15.0,P021,30,2472.14
27:15.0,P022,14,201.31
27:15.0,P023,35,2764.52
27:15.0,P024,36,2048.28
27:15.0,P025,38,2696.96
27:15.0,P026,16,181.06
27:15.0,P027,18,1185.17
27:15.0,P028,28,1254.28
27:15.0,P029,27,743.79
27:15.0,P030,27,1219.54
27:15.0,P001,16,531.85
27:15.0,P002,30,1912.32
27:15.0,P003,25,2250.54
27:15.0,P004,36,2114.93
27:15.0,P005,41,1542.48
27:15.0,P006,12,889.8
27:15.0,P007,15,423.04
27:15.0,P008,39,2495.2
27:15.0,P009,1,48.24
27:15.0,P010,11,827.1
27:15.0,P011,10,269.13
27:15.0,P012,16,1001.92
27:15.0,P013,49,2178.14
27:15.0,P014,25,1264.25
27:15.0,P015,31,1512.73
27:15.0,P016,37,2145.73
27:15.0,P017,2,189.03
27:15.0,P018,29,877.36
27:15.0,P019,29,993.43
27:15.0,P020,27,1395.37
27:15.0,P021,45,1335.8
27:15.0,P022,35,2944.87
27:15.0,P023,9,626.19
27:15.0,P024,14,1175.28
27:15.0,P025,31,2432.78
27:15.0,P026,5,404.02
27:15.0,P027,36,2783
27:15.0,P028,32,1565.16
27:15.0,P029,0,0
27:15.0,P030,21,273.65
27:15.0,P001,20,1799.24
27:15.0,P002,14,842.24
27:15.0,P003,45,3150.73
27:15.0,P004,5,243.04
27:15.0,P005,45,4046.88
27:15.0,P006,39,2974.16
27:15.0,P007,6,597.93
27:15.0,P008,37,684.11
27:15.0,P009,7,226.88
27:15.0,P010,37,686.08
27:15.0,P011,19,1734.29
27:15.0,P012,30,2463.64
27:15.0,P013,9,94.63
27:15.0,P014,26,825.1
27:15.0,P015,14,523.08
27:15.0,P016,12,260.49
27:15.0,P017,10,424.38
27:15.0,P018,10,112.33
27:15.0,P019,47,1790.59
27:15.0,P020,21,237.18
27:15.0,P021,13,1202.43
27:15.0,P022,48,3773.15
27:15.0,P023,31,680.08
27:15.0,P024,42,440.21
27:15.0,P025,2,132.43
27:15.0,P026,20,924.2
27:15.0,P027,18,1121.14
27:15.0,P028,28,2186.96
27:15.0,P029,42,2975.75
27:15.0,P030,42,2608.02
27:15.0,P001,47,2994.68
27:15.0,P002,23,1014.79
27:15.0,P003,33,1345.46
27:15.0,P004,4,267.91
27:15.0,P005,4,398.43
27:15.0,P006,11,599.21
27:15.0,P007,48,2472.24
27:15.0,P008,37,2345.22
27:15.0,P009,10,954.28
27:15.0,P010,17,724.52
27:15.0,P011,17,338.4
27:15.0,P012,10,250.62
27:15.0,P013,4,59.58
27:15.0,P014,24,1641.06
27:15.0,P015,9,539.3
27:15.0,P016,0,0
27:15.0,P017,3,141.73
27:15.0,P018,39,2865.04
27:15.0,P019,21,1305.68
27:15.0,P020,16,1365.81
27:15.0,P021,13,200.91
27:15.0,P022,49,3925.84
27:15.0,P023,42,2134.53
27:15.0,P024,39,3207.87
27:15.0,P025,29,2665.66
27:15.0,P026,27,1457.04
27:15.0,P027,29,2591.02
27:15.0,P028,1,61.53
27:15.0,P029,37,2509.78
27:15.0,P030,25,1916.27
27:15.0,P001,43,1803.56
27:15.0,P002,21,1537.99
27:15.0,P003,28,1346.8
27:15.0,P004,29,2679.9
27:15.0,P005,19,1696.46
27:15.0,P006,15,1082.42
27:15.0,P007,42,1218.46
27:15.0,P008,44,4305.7
27:15.0,P009,47,2058.12
27:15.0,P010,22,787.31
27:15.0,P011,8,798.01
27:15.0,P012,19,559.75
27:15.0,P013,16,1056.59
27:15.0,P014,7,662.69
27:15.0,P015,29,623.92
27:15.0,P016,38,1869.05
27:15.0,P017,11,918.8
27:15.0,P018,41,3871.09
27:15.0,P019,18,1074.04
27:15.0,P020,33,540.97
27:15.0,P021,43,1080.62
27:15.0,P022,19,284.43
27:15.0,P023,23,439.02
27:15.0,P024,14,325.57
27:15.0,P025,2,197.35
27:15.0,P026,39,791.65
27:15.0,P027,43,1507.29
27:15.0,P028,39,1117.53
27:15.0,P029,7,208.42
27:15.0,P030,9,297.74
27:15.0,P001,48,2007.97
27:15.0,P002,12,187.57
27:15.0,P003,36,911.17
27:15.0,P004,3,69.67
27:15.0,P005,37,3249.31
27:15.0,P006,22,415.19
27:15.0,P007,30,1116.53
27:15.0,P008,27,1769.84
27:15.0,P009,4,212.26
27:15.0,P010,9,499.46
27:15.0,P011,45,1712.34
27:15.0,P012,43,1488.99
27:15.0,P013,22,382.9
27:15.0,P014,30,1127.45
27:15.0,P015,41,1450.28
27:15.0,P016,33,1691.54
27:15.0,P017,12,494.83
27:15.0,P018,17,1190.83
27:15.0,P019,39,2721.35
27:15.0,P020,41,1568.2
27:15.0,P021,38,2303.94
27:15.0,P022,31,2791.76
27:15.0,P023,19,217.06
27:15.0,P024,20,1080.91
27:15.0,P025,15,1035.67
27:15.0,P026,11,588.35
27:15.0,P027,18,1246.09
27:15.0,P028,34,2787.14
27:15.0,P029,15,593.11
27:15.0,P030,3,142.36
27:15.0,P001,31,661.55
27:15.0,P002,12,1081.07
27:15.0,P003,48,1238.12
27:15.0,P004,18,1372.71
27:15.0,P005,25,2206.61
27:15.0,P006,3,291.96
27:15.0,P007,7,304.47
27:15.0,P008,31,1089.57
27:15.0,P009,37,3216.16
27:15.0,P010,29,2519.62
27:15.0,P011,2,52.91
27:15.0,P012,33,3012.48
27:15.0,P013,31,2896.68
27:15.0,P014,7,422.02
27:15.0,P015,5,218.55
27:15.0,P016,34,3213.02
27:15.0,P017,11,661.22
27:15.0,P018,30,1847.7
27:15.0,P019,4,103.04
27:15.0,P020,24,294.51
27:15.0,P021,30,889.16
27:15.0,P022,19,616.93
27:15.0,P023,21,1630.67
27:15.0,P024,44,3887.85
27:15.0,P025,49,726
27:15.0,P026,12,370.62
27:15.0,P027,35,1793.72
27:15.0,P028,14,391.38
27:15.0,P029,23,1236.29
27:15.0,P030,49,4672.9
27:15.0,P001,22,797.09
27:15.0,P002,7,652.45
27:15.0,P003,46,4220.92
27:15.0,P004,38,402.01
27:15.0,P005,27,2118.2
27:15.0,P006,15,980.59
27:15.0,P007,17,954.77
27:15.0,P008,29,2898.85
27:15.0,P009,31,1358.5
27:15.0,P010,45,3801.59
27:15.0,P011,12,848.35
27:15.0,P012,29,823.61
27:15.0,P013,16,895.24
27:15.0,P014,14,1287.36
27:15.0,P015,9,716.58
27:15.0,P016,22,1460.12
27:15.0,P017,29,1728.53
27:15.0,P018,8,684.21
27:15.0,P019,0,0
27:15.0,P020,10,504.13
27:15.0,P021,8,321.93
27:15.0,P022,11,827.35
27:15.0,P023,13,1200.51
27:15.0,P024,7,247.06
27:15.0,P025,11,485.95
27:15.0,P026,39,1091.44
27:15.0,P027,10,611.62
27:15.0,P028,30,2386.48
27:15.0,P029,31,1862.51
27:15.0,P030,20,1218.41
27:15.0,P001,22,2056.16
27:15.0,P002,21,335.05
27:15.0,P003,36,2788.14
27:15.0,P004,7,558.4
27:15.0,P005,34,1620.86
27:15.0,P006,23,292.32
27:15.0,P007,1,70.11
27:15.0,P008,18,1212.09
27:15.0,P009,16,1100.87
27:15.0,P010,37,1354.53
27:15.0,P011,37,3524.05
27:15.0,P012,3,124.61
27:15.0,P013,48,1696.58
27:15.0,P014,12,131.11
27:15.0,P015,31,1825.03
27:15.0,P016,35,2311.47
27:15.0,P017,45,3667.65
27:15.0,P018,34,775.3
27:15.0,P019,27,904.35
27:15.0,P020,17,1687.29
27:15.0,P021,32,3014.2
27:15.0,P022,7,661.57
27:15.0,P023,49,4585.26
27:15.0,P024,43,1068.1
27:15.0,P025,46,1133.95
27:15.0,P026,11,380.22
27:15.0,P027,13,655.07
27:15.0,P028,33,892.5
27:15.0,P029,23,1204.89
27:15.0,P030,41,3748.59
27:15.0,P001,19,1479.11
27:15.0,P002,9,233.53
27:15.0,P003,23,1922.03
27:15.0,P004,26,390.12
27:15.0,P005,14,722.61
27:15.0,P006,40,2788.68
27:15.0,P007,25,1863.52
27:15.0,P008,22,1971.48
27:15.0,P009,19,1485.26
27:15.0,P010,3,114.75
27:15.0,P011,47,1619.01
27:15.0,P012,24,1816.18
27:15.0,P013,2,81.58
27:15.0,P014,24,2104.37
27:15.0,P015,21,537.62
27:15.0,P016,32,656.74
27:15.0,P017,14,1336.87
27:15.0,P018,45,2864.13
27:15.0,P019,45,3010.56
27:15.0,P020,23,471.33
27:15.0,P021,4,167.85
27:15.0,P022,42,1720.16
27:15.0,P023,46,522.83
27:15.0,P024,26,2439.84
27:15.0,P025,27,2391.44
27:15.0,P026,39,2696.18
27:15.0,P027,2,93.95
27:15.0,P028,9,354.7
27:15.0,P029,48,837.41
27:15.0,P030,10,820.88
27:15.0,P001,4,75.55
27:15.0,P002,36,744.62
27:15.0,P003,44,2756.91
27:15.0,P004,4,64.2
27:15.0,P005,47,3784.21
27:15.0,P006,39,503.88
27:15.0,P007,29,2543.65
27:15.0,P008,43,829.64
27:15.0,P009,25,2026.36
27:15.0,P010,7,256.71
27:15.0,P011,27,2660.07
27:15.0,P012,8,102.88
27:15.0,P013,20,632.13
27:15.0,P014,33,479.54
27:15.0,P015,24,1734.74
27:15.0,P016,21,638.13
27:15.0,P017,46,2838.17
27:15.0,P018,41,1735.48
27:15.0,P019,20,1541.32
27:15.0,P020,21,1112.19
27:15.0,P021,44,3583.96
27:15.0,P022,46,674.39
27:15.0,P023,25,601.08
27:15.0,P024,37,1924.09
27:15.0,P025,13,1198.08
27:15.0,P026,34,1016.99
27:15.0,P027,46,1037.94
27:15.0,P028,14,1177.77
27:15.0,P029,26,2088.72
27:15.0,P030,30,1118.87
27:15.0,P001,34,391.27
27:15.0,P002,4,376.15
27:15.0,P003,48,2297.69
27:15.0,P004,33,427
27:15.0,P005,4,152.25
27:15.0,P006,5,122.55
27:15.0,P007,49,4772.78
27:15.0,P008,16,1496.47
27:15.0,P009,13,210.09
27:15.0,P010,43,880.31
27:15.0,P011,18,1433.19
27:15.0,P012,46,3199.76
27:15.0,P013,16,1093.46
27:15.0,P014,19,1131.63
27:15.0,P015,31,2933.11
27:15.0,P016,43,3582.78
27:15.0,P017,16,1454.93
27:15.0,P018,49,956.91
27:15.0,P019,31,2402.58
27:15.0,P020,5,354.12
27:15.0,P021,13,455.38
27:15.0,P022,14,638.03
27:15.0,P023,3,180.21
27:15.0,P024,15,1266.86
27:15.0,P025,3,143.18
27:15.0,P026,27,1529.41
27:15.0,P027,1,60.13
27:15.0,P028,7,386.53
27:15.0,P029,42,1411.66
27:15.0,P030,38,1133.93
27:15.0,P001,7,101.64
27:15.0,P002,43,3976.55
27:15.0,P003,41,1578.21
27:15.0,P004,15,694.33
27:15.0,P005,9,345.01
27:15.0,P006,49,3477.5
27:15.0,P007,28,1283.53
27:15.0,P008,33,2778.68
27:15.0,P009,44,3045.9
27:15.0,P010,29,1700.17
27:15.0,P011,45,885.84
27:15.0,P012,28,2585.95
27:15.0,P013,31,1520.22
27:15.0,P014,14,749.87
27:15.0,P015,31,1075.53
27:15.0,P016,9,554.16
27:15.0,P017,47,4210.82
27:15.0,P018,2,169.13
27:15.0,P019,42,4118.18
27:15.0,P020,3,117.57
27:15.0,P021,16,1208.85
27:15.0,P022,4,348.59
27:15.0,P023,5,248.26
27:15.0,P024,0,0
27:15.0,P025,47,3089.82
27:15.0,P026,12,1189.56
27:15.0,P027,2,199.57
27:15.0,P028,11,762.91
27:15.0,P029,32,1561.23
27:15.0,P030,40,1113.14
27:15.0,P001,9,594.43
27:15.0,P002,46,2198.17
27:15.0,P003,22,1046.04
27:15.0,P004,27,587.12
27:15.0,P005,47,2340.73
27:15.0,P006,9,817.35
27:15.0,P007,45,2042.07
27:15.0,P008,40,588.61
27:15.0,P009,34,2183.5
27:15.0,P010,33,558.12
27:15.0,P011,10,121.34
27:15.0,P012,20,1906.85
27:15.0,P013,6,133.15
27:15.0,P014,1,93.38
27:15.0,P015,41,3830.32
27:15.0,P016,10,478
27:15.0,P017,17,1482.67
27:15.0,P018,25,2380.2
27:15.0,P019,43,1644.04
27:15.0,P020,46,626.67
27:15.0,P021,11,470.47
27:15.0,P022,3,292.93
27:15.0,P023,1,15.57
27:15.0,P024,26,1920.09
27:15.0,P025,7,639.67
27:15.0,P026,46,2584.58
27:15.0,P027,39,717.12
27:15.0,P028,12,1018.95
27:15.0,P029,16,479.37
27:15.0,P030,16,485.55
27:15.0,P001,20,357.66
27:15.0,P002,25,464.56
27:15.0,P003,27,392.86
27:15.0,P004,46,4064.65
27:15.0,P005,29,1020.14
27:15.0,P006,13,1010.39
27:15.0,P007,44,3887.71
27:15.0,P008,36,2717.19
27:15.0,P009,14,637.16
27:15.0,P010,45,2688.69
27:15.0,P011,12,737.76
27:15.0,P012,36,2822.92
27:15.0,P013,28,656.11
27:15.0,P014,5,205.95
27:15.0,P015,1,46.76
27:15.0,P016,15,381.25
27:15.0,P017,35,2192.24
27:15.0,P018,18,1309.41
27:15.0,P019,12,386.24
27:15.0,P020,28,1148.94
27:15.0,P021,46,1690.77
27:15.0,P022,38,760.09
27:15.0,P023,37,1170.97
27:15.0,P024,46,3732.75
27:15.0,P025,19,1340.99
27:15.0,P026,3,58.51
27:15.0,P027,4,96.27
27:15.0,P028,10,424.43
27:15.0,P029,3,103.07
27:15.0,P030,33,419.16
27:15.0,P001,8,192.47
27:15.0,P002,6,123.33
27:15.0,P003,41,3339.19
27:15.0,P004,34,2108.09
27:15.0,P005,30,1081.49
27:15.0,P006,31,2038.1
27:15.0,P007,9,436.26
27:15.0,P008,23,1397.96
27:15.0,P009,15,1020.56
27:15.0,P010,38,3575.76
27:15.0,P011,42,1474.39
27:15.0,P012,10,600.57
27:15.0,P013,3,192.86
27:15.0,P014,46,3848.09
27:15.0,P015,30,1571.57
27:15.0,P016,10,992.77
27:15.0,P017,0,0
27:15.0,P018,41,3330.5
27:15.0,P019,41,3603.93
27:15.0,P020,43,666.1
27:15.0,P021,10,981.24
27:15.0,P022,42,4063.25
27:15.0,P023,2,78.38
27:15.0,P024,41,3692.54
27:15.0,P025,1,78.92
27:15.0,P026,1,61.78
27:15.0,P027,29,1276.84
27:15.0,P028,27,2137.65
27:15.0,P029,9,650.81
27:15.0,P030,39,1526.61
27:15.0,P001,40,2748.05
27:15.0,P002,46,708.17
27:15.0,P003,15,436.65
27:15.0,P004,19,1389.37
27:15.0,P005,26,1977.91
27:15.0,P006,33,874.85
27:15.0,P007,24,2246.34
27:15.0,P008,39,833.62
27:15.0,P009,25,280.79
27:15.0,P010,31,2560.85
27:15.0,P011,47,587.81
27:15.0,P012,1,48.38
27:15.0,P013,35,900.14
27:15.0,P014,26,1742.18
27:15.0,P015,13,595.52
27:15.0,P016,14,1261.88
27:15.0,P017,27,673.14
27:15.0,P018,38,2090.95
27:15.0,P019,9,532.82
27:15.0,P020,36,2306.95
27:15.0,P021,13,1066.24
27:15.0,P022,11,259.18
27:15.0,P023,5,371.62
27:15.0,P024,35,2639.54
27:15.0,P025,15,1492.46
27:15.0,P026,24,905.03
27:15.0,P027,44,3131.35
27:15.0,P028,17,1059.23
27:15.0,P029,22,222.2
27:15.0,P030,15,444.15
27:15.0,P001,3,117.97
27:15.0,P002,13,647.57
27:15.0,P003,13,982.67
27:15.0,P004,15,1368.65
27:15.0,P005,22,1322.03
27:15.0,P006,6,128.19
27:15.0,P007,14,258.97
27:15.0,P008,40,2058.41
27:15.0,P009,43,2944.68
27:15.0,P010,44,3981.29
27:15.0,P011,22,1663.3
27:15.0,P012,13,268.32
27:15.0,P013,32,359.27
27:15.0,P014,34,1431.18
27:15.0,P015,18,420.11
27:15.0,P016,22,1834.25
27:15.0,P017,12,1154.24
27:15.0,P018,34,3090.29
27:15.0,P019,28,494.34
27:15.0,P020,24,1069.53
27:15.0,P021,1,64.64
27:15.0,P022,26,822.3
27:15.0,P023,0,0
27:15.0,P024,22,380.46
27:15.0,P025,38,3756.69
27:15.0,P026,23,1067.78
27:15.0,P027,25,398.08
27:15.0,P028,19,1186.44
27:15.0,P029,0,0
27:15.0,P030,46,1777.78
27:15.0,P001,1,70.53
27:15.0,P002,5,316.54
27:15.0,P003,47,1033.48
27:15.0,P004,2,152.93
27:15.0,P005,4,248.26
27:15.0,P006,11,676.92
27:15.0,P007,19,1478.44
27:15.0,P008,3,145
27:15.0,P009,18,1363
27:15.0,P010,44,3530.18
27:15.0,P011,12,147.74
27:15.0,P012,21,791.23
27:15.0,P013,46,3014.82
27:15.0,P014,21,649.5
27:15.0,P015,7,149.1
27:15.0,P016,41,2341.95
27:15.0,P017,25,920.67
27:15.0,P018,12,704.68
27:15.0,P019,19,1304.75
27:15.0,P020,47,916.19
27:15.0,P021,11,579.42
27:15.0,P022,13,186.27
27:15.0,P023,41,3436.05
27:15.0,P024,37,2112.3
27:15.0,P025,18,1296.68
27:15.0,P026,45,2874.31
27:15.0,P027,48,3130.92
27:15.0,P028,0,0
27:15.0,P029,7,437.37
27:15.0,P030,46,1970.37
27:15.0,P001,10,916.96
27:15.0,P002,3,81.28
27:15.0,P003,25,1983.51
27:15.0,P004,11,465.04
27:15.0,P005,36,427.83
27:15.0,P006,23,2142.9
27:15.0,P007,12,947.85
27:15.0,P008,3,136.9
27:15.0,P009,48,3400.77
27:15.0,P010,10,433.02
27:15.0,P011,40,1303.16
27:15.0,P012,22,849.61
27:15.0,P013,42,4084.04
27:15.0,P014,25,2085.48
27:15.0,P015,28,1135.05
27:15.0,P016,35,873.07
27:15.0,P017,34,2353.79
27:15.0,P018,16,313.13
27:15.0,P019,45,1886.65
27:15.0,P020,28,2479.09
27:15.0,P021,45,4027.26
27:15.0,P022,37,1659.62
27:15.0,P023,46,3012.01
27:15.0,P024,37,1886.43
27:15.0,P025,24,2271.49
27:15.0,P026,21,465.82
27:15.0,P027,48,1134.19
27:15.0,P028,9,302.6
27:15.0,P029,47,2930.75
27:15.0,P030,37,3261
27:15.0,P001,32,685.25
27:15.0,P002,33,443.12
27:15.0,P003,3,86.38
27:15.0,P004,25,733.56
27:15.0,P005,6,381.42
27:15.0,P006,8,150.99
27:15.0,P007,7,287.65
27:15.0,P008,18,658.66
27:15.0,P009,42,2558.92
27:15.0,P010,13,303.58
27:15.0,P011,27,990.07
27:15.0,P012,15,903.78
27:15.0,P013,30,1908.34
27:15.0,P014,16,914.08
27:15.0,P015,45,3508.29
27:15.0,P016,38,2098.52
27:15.0,P017,29,499.29
27:15.0,P018,10,812.27
27:15.0,P019,11,930.37
27:15.0,P020,17,639.67
27:15.0,P021,6,426.39
27:15.0,P022,25,2434.62
27:15.0,P023,44,2000.78
27:15.0,P024,43,585.9
27:15.0,P025,21,1097.39
27:15.0,P026,17,1058.39
27:15.0,P027,36,394
27:15.0,P028,41,2185.92
27:15.0,P029,36,2906.4
27:15.0,P030,29,347.59
27:15.0,P001,8,709.19
27:15.0,P002,11,916.24
27:15.0,P003,32,1952.65
27:15.0,P004,14,909.08
27:15.0,P005,38,1682.86
27:15.0,P006,17,1087.18
27:15.0,P007,42,2156.27
27:15.0,P008,37,1090.39
27:15.0,P009,32,2725.87
27:15.0,P010,30,2515.32
27:15.0,P011,3,83.84
27:15.0,P012,3,125.34
27:15.0,P013,28,451.63
27:15.0,P014,1,84.33
27:15.0,P015,5,259.75
27:15.0,P016,20,945.45
27:15.0,P017,15,1319.49
27:15.0,P018,38,2449.41
27:15.0,P019,27,304.82
27:15.0,P020,48,2949.35
27:15.0,P021,44,3685.65
27:15.0,P022,4,257.57
27:15.0,P023,41,1455.61
27:15.0,P024,9,529.83
27:15.0,P025,14,927.92
27:15.0,P026,46,1051.86
27:15.0,P027,9,253.86
27:15.0,P028,14,893.49
27:15.0,P029,11,503.82
27:15.0,P030,12,1148.61
27:15.0,P001,2,88.9
27:15.0,P002,19,1001.28
27:15.0,P003,20,246.46
27:15.0,P004,7,431.54
27:15.0,P005,12,1194.15
27:15.0,P006,8,481.67
27:15.0,P007,12,242.62
27:15.0,P008,6,112.92
27:15.0,P009,37,3108.39
27:15.0,P010,21,1233
27:15.0,P011,36,1821.87
27:15.0,P012,9,856.24
27:15.0,P013,45,2289.83
27:15.0,P014,48,813.45
27:15.0,P015,11,1084.19
27:15.0,P016,25,1952.71
27:15.0,P017,13,417.64
27:15.0,P018,22,2179.22
27:15.0,P019,46,3477.17
27:15.0,P020,24,547.92
27:15.0,P021,12,218.43
27:15.0,P022,27,456.52
27:15.0,P023,27,1829.62
27:15.0,P024,26,2052.37
27:15.0,P025,8,379.12
27:15.0,P026,19,1181.15
27:15.0,P027,3,77.81
27:15.0,P028,33,453.04
27:15.0,P029,25,1598.56
27:15.0,P030,15,1450.26
27:15.0,P001,38,1724.56
27:15.0,P002,12,303.06
27:15.0,P003,19,496.14
27:15.0,P004,46,1320.22
27:15.0,P005,9,533.01
27:15.0,P006,49,1954.06
27:15.0,P007,11,182.01
27:15.0,P008,49,3258.36
27:15.0,P009,10,859.38
27:15.0,P010,38,1203.09
27:15.0,P011,45,4344.54
27:15.0,P012,44,1329.64
27:15.0,P013,40,2670.58
27:15.0,P014,42,4117.67
27:15.0,P015,22,253.02
27:15.0,P016,18,721.39
27:15.0,P017,27,1290.63
27:15.0,P018,32,2717.92
27:15.0,P019,48,4615.09
27:15.0,P020,34,768.36
27:15.0,P021,34,1746.51
27:15.0,P022,37,1711.12
27:15.0,P023,22,1345.73
27:15.0,P024,21,465.56
27:15.0,P025,47,3722.53
27:15.0,P026,44,966.72
27:15.0,P027,43,3255.77
27:15.0,P028,21,1872.45
27:15.0,P029,39,837.77
27:15.0,P030,40,1149.94
27:15.0,P001,22,819.6
27:15.0,P002,22,1177.93
27:15.0,P003,22,1386.26
27:15.0,P004,12,761.28
27:15.0,P005,22,702.73
27:15.0,P006,20,1049.13
27:15.0,P007,22,843.72
27:15.0,P008,43,1243.11
27:15.0,P009,46,564.32
27:15.0,P010,41,2155.47
27:15.0,P011,47,2855.27
27:15.0,P012,5,198.75
27:15.0,P013,44,2073.12
27:15.0,P014,20,1523.05
27:15.0,P015,47,1022.03
27:15.0,P016,48,1055.35
27:15.0,P017,36,3314.75
27:15.0,P018,27,1726.3
27:15.0,P019,40,1057.9
27:15.0,P020,49,2322.42
27:15.0,P021,10,357.06
27:15.0,P022,37,674.06
27:15.0,P023,10,626.35
27:15.0,P024,39,841.37
27:15.0,P025,34,526.36
27:15.0,P026,18,1193.6
27:15.0,P027,48,2042.32
27:15.0,P028,23,1309.25
27:15.0,P029,0,0
27:15.0,P030,44,2398.3
27:15.0,P001,42,2642.99
27:15.0,P002,15,955.88
27:15.0,P003,18,1489.6
27:15.0,P004,24,1859.7
27:15.0,P005,8,491.93
27:15.0,P006,18,446.69
27:15.0,P007,15,418.17
27:15.0,P008,17,638.82
27:15.0,P009,44,2768.45
27:15.0,P010,5,326.94
27:15.0,P011,47,1220.09
27:15.0,P012,30,763.94
27:15.0,P013,29,2155.89
27:15.0,P014,17,603.43
27:15.0,P015,8,515.48
27:15.0,P016,3,205.33
27:15.0,P017,8,302.34
27:15.0,P018,25,2348.69
27:15.0,P019,15,599.25
27:15.0,P020,4,205.07
27:15.0,P021,19,1571.2
27:15.0,P022,46,3271.34
27:15.0,P023,12,140.46
27:15.0,P024,44,3291.82
27:15.0,P025,30,658.91
27:15.0,P026,2,28.86
27:15.0,P027,45,681.32
27:15.0,P028,29,958.66
27:15.0,P029,34,3103.86
27:15.0,P030,41,3580.12
27:15.0,P001,12,848.88
27:15.0,P002,9,828.5
27:15.0,P003,8,627.2
27:15.0,P004,1,71.24
27:15.0,P005,22,1448.34
27:15.0,P006,38,666.34
27:15.0,P007,28,1044.53
27:15.0,P008,4,315.71
27:15.0,P009,24,568.07
27:15.0,P010,19,862.98
27:15.0,P011,16,422.74
27:15.0,P012,24,1815.31
27:15.0,P013,38,2541.51
27:15.0,P014,5,215.13
27:15.0,P015,34,1648.05
27:15.0,P016,19,1464.32
27:15.0,P017,18,825.21
27:15.0,P018,18,1027.92
27:15.0,P019,15,1246.3
27:15.0,P020,40,1732.84
27:15.0,P021,24,939.26
27:15.0,P022,34,2929.14
27:15.0,P023,48,3321.33
27:15.0,P024,35,1536.53
27:15.0,P025,18,1456.51
27:15.0,P026,15,806.33
27:15.0,P027,39,3241.49
27:15.0,P028,17,654.92
27:15.0,P029,18,1598.29
27:15.0,P030,44,3840.44
27:15.0,P001,26,2097.1
27:15.0,P002,35,812.09
27:15.0,P003,23,431.84
27:15.0,P004,5,357.14
27:15.0,P005,24,356.15
27:15.0,P006,45,3065.19
27:15.0,P007,25,798.04
27:15.0,P008,33,519.14
27:15.0,P009,10,875.28
27:15.0,P010,13,651.13
27:15.0,P011,47,1860.92
27:15.0,P012,38,2951.24
27:15.0,P013,7,618.89
27:15.0,P014,47,1793.65
27:15.0,P015,6,131.11
27:15.0,P016,0,0
27:15.0,P017,7,496.97
27:15.0,P018,3,198.74
27:15.0,P019,2,50.39
27:15.0,P020,39,3407.48
27:15.0,P021,0,0
27:15.0,P022,37,663.55
27:15.0,P023,22,553.19
27:15.0,P024,10,708.98
27:15.0,P025,32,864.88
27:15.0,P026,35,2170.16
27:15.0,P027,16,823.69
27:15.0,P028,4,393.25
27:15.0,P029,2,147.69
27:15.0,P030,34,2906.89
27:15.0,P001,47,3418.41
27:15.0,P002,30,683.38
27:15.0,P003,23,518.24
27:15.0,P004,17,793.9
27:15.0,P005,13,511.55
27:15.0,P006,14,1351.38
27:15.0,P007,14,1226.75
27:15.0,P008,7,507.97
27:15.0,P009,46,4034.83
27:15.0,P010,33,2633.25
27:15.0,P011,31,1935.53
27:15.0,P012,29,2669.05
27:15.0,P013,12,1173.84
27:15.0,P014,14,590.06
27:15.0,P015,28,1591.77
27:15.0,P016,6,535.15
27:15.0,P017,30,629.1
27:15.0,P018,24,538.88
27:15.0,P019,7,319.96
27:15.0,P020,1,16.6
27:15.0,P021,13,1146.93
27:15.0,P022,29,1373.53
27:15.0,P023,20,939.28
27:15.0,P024,21,579.9
27:15.0,P025,15,1301.88
27:15.0,P026,48,1073.4
27:15.0,P027,15,496.47
27:15.0,P028,1,93.77
27:15.0,P029,38,1477.32
27:15.0,P030,5,190.21
27:15.0,P001,24,1180.17
27:15.0,P002,19,192.81
27:15.0,P003,40,2454.74
27:15.0,P004,8,381.46
27:15.0,P005,1,10.02
27:15.0,P006,35,1965.88
27:15.0,P007,21,1612.93
27:15.0,P008,28,583.32
27:15.0,P009,45,3998.58
27:15.0,P010,6,561.56
27:15.0,P011,32,2352.02
27:15.0,P012,3,168.35
27:15.0,P013,17,281.7
27:15.0,P014,31,2293.69
27:15.0,P015,41,818.13
27:15.0,P016,35,3241.2
27:15.0,P017,15,464.06
27:15.0,P018,49,1327.35
27:15.0,P019,48,2172.62
27:15.0,P020,17,861.87
27:15.0,P021,48,2398.87
27:15.0,P022,38,3167.55
27:15.0,P023,16,1400.48
27:15.0,P024,22,1549.74
27:15.0,P025,29,2320.7
27:15.0,P026,3,296.99
27:15.0,P027,17,1679.95
27:15.0,P028,39,1370.85
27:15.0,P029,0,0
27:15.0,P030,48,4184.53
